x_km,y_km,dist_highway_km,dist_airport_km,road_density_km_per_sqkm,pop_density_per_ha,industrial_units,commercial_units
14.9816047538945,27.926468560789807,5.223125528018966,18.605769561751796,4.593245212196587,54.592477799992814,1,10
38.02857225639664,21.443854653764816,18.809242102548378,30.274786077998012,7.119809530079154,31.91873946048082,0,4
29.279757672456203,12.38110465145311,11.342899466738261,19.426237805344748,5.087333129384161,31.71254979022148,1,14
23.946339367881464,32.551800788277944,5.263947147011938,26.51573307601157,4.710047502442686,41.17135982440987,4,9
6.240745617697461,27.389246902155172,15.402048208376298,17.79094998405015,6.475374944711886,43.16607262264522,2,13
6.239780813448106,6.504677573795652,14.835456901722296,5.1338608467740965,7.0607786481664725,33.19444272494481,1,9
2.3233444867279784,36.4370873797537,18.855209349413553,27.52908696259616,5.48672152455713,21.437905962143443,0,10
34.647045830997406,32.90148971692676,16.538817819047686,33.644540410738095,5.523304087401316,29.687895093397916,0,2
24.04460046972835,37.99199653167696,4.331839985268472,31.317769272151374,5.709652451876411,43.596173330183085,0,15
28.322903111841818,29.0287803355344,8.995120778013058,26.41634455226467,6.840786251414865,45.956466147937824,0,15
0.8233797718320979,24.536607837431596,19.426633357274024,17.190791902390593,5.651253764295852,29.386095441957448,0,6
38.79639408647977,16.729721451624755,23.1919525038851,29.572309061016956,5.363138866749731,27.491139872812212,0,7
33.29770563201687,37.309139334160534,16.181169419337287,35.89668757543939,4.809251265232373,28.12322709225139,0,7
8.493564427131046,34.642555580016335,11.546660674074333,24.68855794997754,5.156530412144654,30.991984836898794,0,8
7.272998688284025,1.8087468042475763,13.949732874911705,8.633259238029687,4.066631526545146,38.90069999414794,0,8
7.336180394137353,1.0546789798900802,15.257403163337903,9.333525756400878,4.357244892578498,27.97159576608713,7,3
12.169689718381509,15.058534675121983,8.029463107006341,5.504209891842961,5.256762211124393,52.81191213382899,4,18
20.990257265289515,32.422133231273314,1.8294601829354167,24.970739144010537,6.052097152342129,54.23030919333074,5,10
17.27780074568463,39.49104517259778,5.193064518440901,30.3757819498707,4.257093537105735,42.71479838369581,4,12
11.649165607921677,6.016675644141127,8.385369915622535,4.311220259547194,4.674062769500493,37.362108300419216,9,15
24.47411578889518,23.765228614085405,5.669526245788065,19.97452243905672,7.2667723344620265,53.33626741905064,3,19
5.579754426081673,15.235634265240861,14.773140538663538,6.852038900437503,6.8355632158165,37.30552761031912,2,13
11.685785941408726,38.79657591258413,10.89646272994695,28.84587766959903,5.651660910076228,29.479976833205072,0,9
14.654473731747668,33.684756925428346,8.887996190874585,24.137767840795778,4.539838522384862,42.48605834839341,3,15
18.24279936868144,33.533148188445516,4.644374312559536,24.93497152778947,5.1612846149035505,38.13586138232003,0,15
31.407038455720546,18.74772639179881,12.049899860919004,23.125397563511676,7.031281393562125,48.437876632992,2,14
7.986951286334389,16.592780093506608,13.99385942040097,6.8932658794600234,5.340976194663784,38.19309119993709,0,15
20.569377536544465,10.93628287722825,2.430804809843544,10.610766566850934,6.458055955057919,50.70881237481268,10,12
23.6965827544817,2.2550198660370846,4.080923276001234,15.734709925062035,5.721153397155063,41.25005583929957,6,19
1.858016508799909,34.588895050202126,19.90758103259474,25.901846555039846,3.7332953647713767,25.471490806264143,0,8
24.301794076057533,32.516040365203104,4.339503871326443,26.67420828293522,6.099098722300003,47.529039187601384,0,10
6.820964947491661,39.98870693144522,14.086043692796146,30.15673734483204,3.341429465413523,26.640125612809886,0,6
2.6020637194111806,39.86547348295622,17.659312521786106,30.76809983688972,3.5578684538971084,29.11991402011369,0,5
37.95542149013333,22.217268224105098,18.083899257604976,30.508478060216913,5.542054668355329,26.1363461102391,0,6
38.625281322982374,30.75949660722042,18.705356666286757,35.360478365048735,3.4991476508307837,29.76950381562947,0,6
32.33589392465844,37.79062919529712,13.52757187434668,35.65404925789068,5.105024368349946,41.28182291132893,0,14
12.184550766934827,33.98589562709646,8.23077524613374,24.08517077139543,5.5810738379441664,34.86151626780867,1,17
3.906884560255355,9.893924069727905,17.38325187696502,6.094038715419987,5.591513838118461,28.91646170612485,1,7
27.369321060486275,18.02176541240374,7.436910995975749,19.132225025696542,7.0345978381203125,51.22086062276392,1,18
17.606099749584054,5.166376606059799,2.772660631833624,9.012029100877815,6.837479900883691,44.486028973145274,13,24
4.881529393791153,38.16204109034889,15.893894120608897,28.623404754171425,4.555517766926955,30.17512453478754,0,9
19.807076404450807,24.246985378035202,1.75702092888718,17.296107653593182,7.018770817951181,57.31606019197062,8,22
1.3755408446087358,9.14571222013851,19.008288762431423,8.666666217977525,4.864351347764178,32.11288526384882,0,18
36.372816083151285,26.86802737623427,17.356025169553448,31.305842517349888,5.77139314781764,39.11551812226125,0,12
10.351199264000677,24.725129618315833,11.820162394723592,14.729317132821766,6.427539228287797,45.39535323412899,0,15
26.50089137415928,14.326508721313619,7.457647883231367,17.05866623911163,6.738206352368232,46.43644111465912,5,19
12.468443043576439,4.542303687985161,7.796772599389411,5.989963279817439,4.859171041497294,42.26957815127028,13,16
20.802720847112433,26.862927823711985,0.8274242608565877,20.026410374511887,6.433222258111327,62.17598415839502,9,18
21.868411173731186,20.812308036151734,3.9093928601053674,16.05506738875233,6.57231292779003,55.34478247289968,6,16
7.394178221021082,30.892735669425573,12.627320643139178,21.054612580056858,6.9006486405873995,32.15360812866285,0,18
38.783385110582344,20.806540044479735,20.860442877186514,30.74515516560353,4.184805438647076,36.30448875424229,0,2
31.005312934444582,34.0872600127416,11.758076654914136,31.959650598768526,4.764206903352475,35.64259626336961,0,15
37.579957662567566,22.076273550979423,20.377949505360228,30.10797979850366,4.769952921913361,21.245535746374507,0,7
35.79309401710595,22.43751886141545,17.396466540129076,28.635215633959035,6.318925811828201,39.55878385083855,0,3
23.915999152443405,35.0661441063338,10.098193563290732,28.669960111069187,5.42902755485661,36.7075109385199,0,12
36.87496940092467,16.139314648495883,17.306848017772953,27.567284317717505,6.401549018903017,33.58294531801959,0,0
3.53970008207678,5.360609138025629,17.917825177034675,7.953579231999268,4.156937859754307,30.67252479199042,0,13
7.839314496765808,1.151307052533559,12.674734505857131,9.108673269056736,4.858526148556328,32.18400327114867,3,16
1.8090915564215226,30.20549022694476,18.84459574786367,21.802587379534693,4.203004318412699,33.266840951900065,0,5
13.013213230530575,24.812382054138588,7.974319677097541,15.115757211943151,8.443555066538195,45.35164673739858,4,17
15.547091587579281,28.163190723968942,6.521822476453108,18.99135914978873,5.655114212593456,50.0059040714343,2,23
10.853961270955836,8.518566460356428,13.286435765885473,1.7099401114288733,6.046005037636333,37.38003852550242,5,13
33.14950036607718,5.4548590234707905,14.611697476416403,23.591474597734077,5.5658336608885595,36.78028470718185,0,6
14.270133067743572,0.5817866267152771,6.270751125847569,10.341024106004024,5.294147169634821,39.69551446829896,7,22
11.23738038749523,14.023502352263879,9.309689188323794,4.209475193183922,6.260765285018183,40.06126464308413,7,24
21.70784332632994,23.596707474185322,3.045661102303605,17.942799377255923,7.298905419531068,59.925493225175416,11,18
5.636968998990506,15.689761803989292,14.635860121069088,7.170036882883196,5.785675200461661,35.00642619975104,7,17
32.08787923016159,17.498996880949164,12.204945899742253,23.326151913821725,6.030813558647836,45.59391710787211,0,17
2.982025747190833,36.166347779749934,17.455893584403285,27.091137272988682,5.250215538250487,29.63590474023545,0,4
39.47547746402069,13.930218680932015,19.81408657043852,29.736347970319734,6.708504918257605,38.88445187865318,0,5
30.889790771866295,20.559579566392433,11.2412054615986,23.40700918766263,5.9183827986924475,42.35790886866621,0,17
7.948627261366896,31.346120509645722,12.317433904592601,21.444462943266377,4.42135158306317,35.54265884528892,0,17
0.22088468494409597,15.861711292850806,19.822120095993252,11.40134885116211,4.89826502452909,29.784446343965335,0,12
32.618457138193364,24.88346800911494,12.636492741025313,27.076045192949397,8.034196405156617,38.635380948870385,0,8
28.274293753904686,34.49454834986981,12.674271733016989,30.560312679488565,4.85356138370433,40.972580563735846,0,17
29.160286721639494,37.98082494630569,9.718506468531595,33.91228615017332,6.284336115967966,26.879478200969338,0,8
30.85081386743783,5.8829392371615175,11.335852594893147,21.253390982604206,6.671353612411708,31.258281347825367,0,11
2.9617860693636144,37.06350500645978,18.176546579262833,27.963722187292547,3.9400949053243868,21.459148760411164,0,7
14.338629141770905,19.684651723181528,5.907596114170028,10.61207716845042,7.604664446039318,56.12759312072352,7,24
4.634762381005189,10.329775531958333,18.360193872734587,5.375362928189642,6.579468358746144,41.21797699483109,3,16
34.52413703502374,18.36543024953045,16.067529816899327,25.91165221618224,5.504323880428994,36.828162820322866,0,10
24.931925073102317,39.201303011419085,5.025588711743324,32.79753777272701,4.863448900749505,36.81851828705425,0,13
13.235920994105967,19.704723759714785,7.304643779927423,10.229997455154543,6.519077138286276,49.92741805523681,13,17
2.5423340114409454,13.150064411500328,19.570608948699906,8.095658576886219,4.375177785593735,37.270641506344525,0,12
12.439292868626488,25.33603417266903,10.456268734494344,15.528814952989952,6.092469559350632,40.881043931156206,7,3
13.007332881069882,9.605824751127724,7.62265456203151,3.033055420592838,5.141734662757625,44.853096807107704,11,16
29.18424713352256,3.0345331243465568,10.134641306098997,20.409631718281787,5.133481556477585,40.51676604166401,0,13
25.502298854208526,5.155188876425969,5.6850612434653245,16.241719877780852,5.009261748481264,43.831209116821086,1,10
35.48850970305306,5.121833558310898,20.217954389145874,25.951120105218035,4.9655058265986165,29.362111536194238,0,8
18.888597006477973,6.076107740491774,1.3749411585397107,9.716176573518915,4.660056806508026,50.3495820400387,15,17
4.783769837532068,5.553086905976405,18.076239493961822,6.8544943776794165,5.117394769487863,16.463656012798225,0,18
28.5297914889198,25.634989792128586,9.578604548388359,24.2447123806988,7.133367859197718,48.377038922864216,3,20
30.431401944675898,7.275203375965793,11.367224167548091,20.612294924807724,3.9369092996011803,34.5919949249778,0,9
22.45108790277985,13.826691332954528,3.1699396553722914,13.025864904890579,7.302929359372396,42.619759711327156,10,17
30.83868719818244,35.87153639624047,11.100922226234404,33.22028415961682,6.099235061379922,37.78621766718295,0,9
19.75182385457563,18.958465610514892,0.44240191544773755,13.242060813387328,6.871683110124104,65.57639793527137,13,18
20.909313175279763,26.702309540841085,1.15839807390027,19.94944254745991,8.323501069406628,51.969846122821174,11,19
17.101640734341984,6.8927948480651935,3.104692729212566,7.751646597715582,6.321640140634396,49.78819259235215,11,16
1.0167650697638075,7.691560752346831,20.49547568780899,9.275095771576765,4.0423391020306045,35.1893106902876,0,5
4.315657079732178,1.6347446506591545,16.115318561340896,10.113814883360014,4.3327023918823215,34.365697347306366,0,14
1.25716742746937,6.757402522886582,18.8024155808634,9.324782023719635,5.004299896253105,35.84953729799678,0,13
25.456416450551217,11.143613561278345,8.933500667077992,15.49866644167846,6.500457756187875,48.84157674220677,5,12
12.574239243053068,7.080419371069873,9.578081726972933,3.8923847098274433,6.195765780998102,40.68653391129488,12,20
20.342827646588113,3.5481013502822245,2.970482200394867,12.190204260522359,4.79514059338177,34.04945962595181,6,14
36.30265895704372,4.825434844024032,21.582708726093426,26.806827353567837,4.794681477317678,25.70628531689565,0,6
9.971689165954999,18.43115072130903,10.219344530621187,8.431198253436703,5.346485499803597,40.52380874029232,9,18
16.415316921425188,8.2533487362317,4.0892649334686935,6.648840638754079,6.0688031496214565,56.52864111209084,6,19
30.222045541721947,14.570794441923018,11.641849017203217,20.732180004085215,5.540715489359764,41.725257112780675,0,14
9.151926619664899,20.136690834194276,12.038868782756438,10.172105461824078,5.784235866337892,43.747655111942244,2,12
3.0791963931517197,27.615793145174614,17.08791649164179,18.92653403817363,6.205519954697534,35.65777139790934,0,9
11.590058116550722,1.5724855936439575,10.101854886435593,8.576204515014055,5.834667077283169,34.911211327362835,7,14
6.448851490160177,31.976415956361706,13.80531917708041,22.26148049941798,5.77455659807415,43.48756962260295,0,8
37.18790609370292,25.11601557963631,17.441273847672562,31.107493707526746,4.43617786383908,30.232970104672418,0,5
32.32481518257668,3.2703612779548763,13.094788166867515,23.317062642311,4.629968954942227,33.64628129073957,0,4
25.33615026041694,34.94314496427109,6.234944784603859,29.28067597441577,6.590379039555421,37.30284720968832,0,11
34.85842360750871,36.83489602127253,15.72612945303818,36.57940498043748,4.745258967344842,23.082725626930173,0,4
32.14688307596458,2.44311839419455,12.242828978935595,23.400660024550742,6.653074780817832,29.47048104822229,0,10
7.4628023554414336,11.075105925888149,14.636522455849992,2.7555806356253396,6.006237318755677,37.1071084351008,2,13
35.70235993959911,32.24805119172245,16.01106143726613,33.99392722670054,5.166496096503078,29.93367018085431,0,6
21.573689676626028,29.930387615346334,1.7123943375954283,23.047139588868514,6.244560717924511,45.62739052707642,7,18
32.2976062065625,7.380840774255093,14.493564305042533,22.45090727771907,5.463790593161103,28.101349658021423,0,13
35.84365199693973,8.373972933468412,18.959328349693006,25.894754537551037,4.930282484496276,30.453196986014767,0,4
12.720138998874555,14.81888411165528,9.261287785600407,5.533606441983561,7.226185629707211,38.91041215942038,12,12
4.40207698110707,19.380919407640853,17.256110488626543,10.92421123276661,6.423831280525978,39.56202075473681,0,8
9.117406501677667,24.730190861211838,11.947505999520953,14.756608488775788,5.591285735590401,42.57229445822378,0,11
17.08431154505025,14.756545582790896,3.716103236519647,8.533006266756157,6.035075471882001,44.85460311593702,12,16
32.72059063689972,18.501388645325918,12.811595533652072,24.258995193297924,4.609751391937277,39.23959478405742,0,7
34.429223330253734,29.89883752535026,14.954237830163999,31.50794641641535,5.781652487488198,31.263828563352828,0,3
0.27808522124762813,1.467328115623916,20.188226857382986,12.935305038990997,3.0578348752063507,24.438613524374073,0,6
20.42989210310263,10.09747777376083,0.7306645265789156,10.430347606802949,4.790910152463706,56.42507081233089,16,19
16.69644012595116,28.533983435382098,4.588815454045909,19.70661950572616,6.938199933324139,39.17864358941077,10,18
8.88431241882921,35.808273507487975,11.800620065088443,25.83237774994947,7.095632550517513,35.349706607001394,0,9
4.794614693347312,20.467097684626644,15.289904753888246,11.690002999581829,5.713259562547628,36.341825590419624,0,10
13.504606856145118,21.284539410612627,6.744089405035298,11.816221854967388,7.6776139318169,53.36346442810525,5,14
37.71638815650077,4.286880453591042,18.86605828409802,28.299079620958988,4.513368043045803,27.95231770719112,0,6
12.92811728083021,17.896494672938186,7.151067559364703,8.421905896531833,6.814174291482297,45.2865263218583,10,14
20.751624869734645,21.304690658200926,2.65682349277885,15.601072662388052,8.509404932737569,55.57061021759317,10,21
28.120758355807112,9.698820145389186,8.804245400119191,18.123261094360934,5.800199868180093,38.50054470612972,6,6
14.54518409517176,10.769729237975238,6.109871042263832,4.609900384910315,6.6056723939020765,51.603490456158106,13,17
38.87128330883843,15.091366524184906,19.768771385426504,29.316770166285426,5.332473569067424,30.72294137805054,0,7
38.497891797684446,0.8028479111090547,20.239039710628923,29.94524074805079,3.466676600992299,32.72742666616216,0,6
10.071291833014566,12.883166623327131,10.356126300930649,2.88404790239728,6.961246728541604,42.30271843987747,6,28
19.88994023569542,8.457920279861785,1.2433136622274312,10.009441928943328,6.128641527607705,44.293704887427516,11,20
12.035132392670786,13.099894087116585,8.798960948364188,3.7082485363090596,5.814695804401374,37.4938937760581,10,12
11.393619775098704,4.790485272770049,8.917028370502367,5.392700600883747,5.807857044978446,29.050115234283254,14,15
1.4754778941813118,35.6210912295958,20.63343354125905,27.00199609154594,3.6464671308192886,17.53088028935715,0,0
24.382573359195874,23.743698142161946,5.9792234929486066,19.893407326436478,7.157964066092066,52.582149109894864,6,15
20.10716092915446,27.164092765779586,1.1814274985393365,19.91885495002445,6.917970675571222,54.7880171861239,7,14
2.059150049999574,31.566849544293532,19.841855668542035,22.982299649830868,5.666765895669268,20.826781608928354,0,11
11.145858569464458,19.93768795716229,10.873762068756072,10.003531066335704,7.051604482516042,50.183949844083074,7,13
36.33063543866615,3.4768115234969477,17.56288075957546,27.126635443857094,4.495244332191473,25.57169368971232,0,6
9.582475626678896,21.484261672741912,12.231611223942036,11.491848970915257,7.075803538440722,44.09542944182667,8,12
5.795794883648924,23.473644720835164,15.39978478072306,14.114334653948157,6.918749266399322,45.73843226548541,0,20
19.57811041110252,29.8175789673732,1.5617638806263434,22.010829951988253,6.972252291514742,53.8766749485695,8,16
39.42601816442403,17.266381849187177,20.38995458344622,30.309913397949682,5.065670309862629,28.844957562000562,0,13
9.682210860460017,5.10321211182255,11.715009531166046,4.907088908814566,4.232379271197746,31.565522487859702,7,17
26.885421896235144,11.351036231948978,7.058116071696423,16.93938521652708,5.489655107874057,34.65683854640096,6,16
30.4647846131487,14.523291855945404,12.592330931200856,20.95871127900353,5.984130053489949,38.29680005134536,0,13
9.505501759695987,25.83668965326405,12.549001562446948,15.8444080887695,5.7111316818609925,40.661457648560855,0,14
29.128653944474383,22.831132186756477,9.158337456017405,23.033526758216457,6.416783628254617,40.92733810718853,0,5
14.711325308770128,14.24386903591385,7.036322067505186,6.340899822505186,6.872792634277962,48.008705426521054,11,17
25.292233223743178,39.460609951719185,5.430197131146934,33.19307059759145,5.3986477385460985,37.50178441629179,0,15
25.34118843043579,24.230992774275485,5.749335412945098,20.92542037330715,6.921512009619244,49.18712593159718,5,15
21.43098736299034,9.48907166943978,2.7916461661510814,11.442400091406258,6.798017751774733,44.74627359089897,16,12
3.611590802176332,4.07129890481615,16.563667632553233,8.71557621473602,4.623485574728775,29.70747982942821,0,11
33.41209982356952,6.114365567373281,15.115667245728092,23.73235287730229,3.5238291937955353,35.34655260417388,0,15
12.831202598869433,9.838309135380324,8.953387698142791,2.835815948108497,5.383146633099828,37.63541041807991,6,21
7.460740415994169,6.427254930382227,13.247454889315426,4.3831890864350775,5.112965194138282,41.95250271217748,4,14
1.6310056621905566,7.4626809620522305,18.375400686426858,8.745173190201479,3.696288984663788,28.07965752160976,1,14
23.635717727529673,11.403806747753883,3.9740450702415284,13.707788710434164,7.079927951561492,48.77379203003367,11,16
27.1025744736913,6.934943811790193,8.062103968055037,17.375057498179405,6.993972774339317,44.63916752201766,2,8
0.6635131571142461,35.870616985057005,23.309650310860164,27.503796278966632,5.222681583171427,24.49573617964459,0,1
20.48372233197124,3.2093498264656883,1.4828880810603033,12.490851200506476,5.309603226186865,47.226622615242945,6,24
9.059831007917518,20.980455582810187,11.241008689092599,11.020631676076503,7.544978623939941,44.83110124452935,3,14
25.806911616377995,16.41587307958646,6.812049144319546,17.059363476441547,7.0953426230881,46.70784627014744,7,15
6.974657160199658,39.29514467634426,13.801839846578012,29.450945670831565,4.238319096272908,31.626516857190424,0,7
27.63750952409864,4.481556086722094,9.150934754228105,18.480664637308482,4.914869035260069,32.40984269356811,3,20
15.469413852021496,15.914223961829666,4.643733165274333,8.055590168036407,6.842904053642653,52.12013063179982,11,25
37.46919954946938,38.77881733101476,18.900608030205863,39.7841331545691,3.8422672907395703,24.735604335491782,0,12
5.50083776583973,34.62028503575921,15.27844825323016,25.028002238519218,5.047722464994103,30.729454834313636,0,8
13.64265404201034,32.6828828379712,9.653967235757325,22.973508707006484,6.00040709290144,40.34331487867034,1,14
4.538940849623563,10.316113081797592,15.879415240365548,5.470200592701678,5.2659252854217655,24.407636947655927,4,6
36.98774473114251,6.835503495602633,17.989108428487537,27.172640721866795,5.125815530642828,26.770254546023075,0,13
35.09357413523924,26.74572879697724,17.78223511080779,30.167977986975863,6.472654354979981,35.04068918464106,0,3
10.317665108606224,37.17503956510343,9.790487889059051,27.176896189339995,5.802209312002622,36.18781137312122,0,12
26.39936184136716,22.270515720557192,9.167615768205929,20.48181205002454,5.793548780253733,43.487597444691616,4,9
32.688888008048636,22.864507578795994,13.853273891606605,26.082200717858775,4.005633003808461,46.3937016700537,0,7
22.208032463978494,11.199163746411367,2.2782801142696023,12.2667864712915,7.386416679814374,45.456390707279056,8,15
21.18602313424026,30.779717327677474,1.5440755506684982,23.59923231331769,5.279782093238778,53.230481907106864,7,13
9.674091636018067,7.481749942300935,11.557499359103245,2.539251782477414,5.38606632138597,40.129746415807574,6,13
3.7241107122359685,12.947169456169746,16.34561521515879,6.933440282835874,4.403165831115213,30.857764189619594,4,9
35.88863031813307,17.017457544656672,16.76131204722803,26.822861333944548,4.133494416185285,44.32975688109555,0,11
36.016722286533216,20.3044151473782,16.44119141804458,27.9830450463153,6.03022794830551,29.79160523713984,0,4
25.32405829093072,9.69638929660321,6.294054481405554,15.327065667082516,6.867647497434376,49.85089942196229,2,17
13.561191641948028,4.593472989568141,6.485629597329927,6.47399569239969,5.034109090569302,45.06221286588777,13,21
13.968382984506436,24.424801697665302,8.083729860370477,14.960714138325349,4.805077193689565,45.12444087380148,5,12
29.038227154809576,11.54522212961023,12.668421529953918,19.10083256373831,5.7065593368661505,48.2518150384656,0,9
35.884410398103086,23.24952885690449,19.354246062594836,29.078389167685543,5.881435091987199,32.859256980142234,0,6
35.48345697060469,6.1745086109680924,16.868359627565923,25.76899228802357,3.7032173975530873,32.2515993497656,0,12
31.195021834304953,19.2456040741927,11.334383033138758,23.123800406797155,6.463626258588238,44.41400649571948,0,13
25.68126584617151,21.303577302063434,7.101171577331869,19.330622296295292,7.113416860912849,49.948968772322964,0,13
3.3655985998019533,2.0729414728970763,16.65929562248056,10.336998540730525,4.795073676544623,31.26866340031698,0,13
6.465148563784551,13.464171127756824,13.557223383949923,4.9493086667229,5.841122566336703,42.158553721488644,0,10
35.94216754108317,5.37658707755897,16.333153311300403,26.35093933394072,3.9765594071603823,21.457527210596396,0,10
24.257162386383598,2.5349988189107098,4.9278500613052785,16.09325703347137,6.260802454559729,46.08141120525903,4,18
0.3678820646651859,39.59840929559781,21.103566857918672,31.126251440704028,3.71214903035406,13.3955745560332,0,2
4.058861714641284,12.894153798988919,17.090924012249534,6.608574001852222,5.3601817406558645,39.16410483067559,0,9
26.54007076432223,32.3949778341854,7.130485751717939,27.84077895969224,5.151201048784431,48.053718915232196,0,9
0.20246335384874747,10.185626190550554,20.117227808709657,9.799294944805727,4.330868385676652,22.389848522101587,0,11
6.432322056699946,27.26010888895717,19.419206704957034,17.62497332666827,4.983955285307894,32.84830825127799,0,13
21.949351574663446,30.409114395587462,2.50479336477348,23.649925020326958,6.2731322876361695,42.629007545682974,4,13
27.67580790770773,23.825549624313773,8.276169956132271,22.44058839702172,8.082922350143793,46.21101364402297,0,16
26.078450380104023,18.863047542006335,6.257127172558579,18.359471080544008,5.974898928423044,49.14739727791286,4,7
8.970772378422392,16.473636565890743,12.613044322214916,6.554943164075184,4.972262925480691,46.012527458786465,6,12
28.487168853901434,13.954730661719811,9.670301091938008,18.905430617666713,7.613929665125518,51.29634920549991,5,15
9.489963499872003,37.18116576991304,10.759485029581173,27.18595059664008,4.811415473324579,41.457839306133,0,7
13.015987926370709,33.22477631150917,7.06998513053167,23.419786888262905,5.2213959829640615,38.69852846112262,0,9
29.859656204720967,38.601076426660505,11.000652025458207,34.81992988696828,5.67403055098192,32.40094329231532,0,6
25.98531596188859,4.971888939421789,7.048111056311731,16.757452886370263,5.089083675465052,31.882594225769687,3,15
33.96893641976712,29.23469900814577,14.288122268440858,30.732451236905955,6.948986890363136,32.08111599680254,0,8
26.304515692013734,37.533618272841515,9.317670098398843,31.999021346686124,5.74744705390844,41.5327988285347,0,2
22.732344133418863,7.249322646626406,2.896108416613514,13.02608202930444,5.653648572422325,53.58971123569365,6,9
3.746990713123699,2.6598506946711,16.819232759379712,9.642505741055155,6.160888716971819,21.652253569973304,1,9
14.708632122377342,29.644825971602362,8.166936310422313,20.201247583216894,5.8652832358702875,41.95324504417743,1,15
10.608094707269018,22.978924527196476,9.936162435424531,12.993162088409074,7.115724262444219,45.046876429738255,4,4
9.759585735163343,33.67315107033088,11.25797928256676,23.674371810408086,5.677018065424916,38.689042826812795,0,9
38.920422190097824,5.59089506505158,19.427246493106963,29.2545898275961,5.474026310847784,22.45591434936327,0,4
15.723908986670416,31.81069247439561,4.596592743396465,22.54926695705081,7.365066778755352,47.261060993114675,1,21
35.681862207084535,8.065092801909781,19.81563273621631,25.754648362749943,5.069564876936146,28.016063947760813,0,5
25.245545039890516,6.54623771462818,5.772049615735939,15.631862252693603,5.231235255200158,42.601510847588,9,17
31.792452141665937,6.570631917239718,14.037704648514069,22.06063316847128,5.6871715429069285,37.84052777279903,0,11
20.105483724207684,32.58298880925528,0.36678953669157405,24.740901051885235,5.5703130633880455,47.265285641973776,3,7
23.076155385054363,26.607888827848004,3.3158154664332216,21.137828908670937,8.51738649219203,48.87134077528875,1,20
19.700707752754557,20.922616990764773,0.3309212963409981,14.608466477741448,7.9637361547005385,58.316542931096,9,21
7.80971951192178,14.353219364940099,13.244876346954209,4.8731763210195504,5.6925494498192935,39.50112496962275,5,16
28.898084610460213,35.08802163252433,9.357783664632414,31.409336691151598,5.520284083877932,35.954651946179865,0,26
11.230894497634232,15.697804296905415,10.766843561192562,5.829243095817847,5.457158281774676,43.554993328724436,4,7
0.9726386572581536,32.66397757886308,19.668314457444662,24.395678562147815,3.7942429059857052,35.30263953576276,0,13
25.818891836286713,17.565396342808736,9.266974177487514,17.534895515854156,8.014179480832848,51.86343251414449,3,14
7.084427176281958,15.077777176996303,13.12078500197888,5.855287008305208,5.401224649825931,38.140473062218405,5,15
37.61834337411657,18.507191426784257,19.648028878846482,28.89887881393602,4.510250207715964,35.979284208873885,0,6
38.157143080103495,12.055114966565682,19.655920384777794,28.23204214999727,5.456433292546506,28.683682962328906,0,5
36.59457560881794,29.904375207050045,18.068267652707977,33.218302247347964,6.049731968291956,37.50594699198962,0,5
14.806348010217775,20.108815603699167,7.056584600596814,11.193262889118442,7.795943878803046,53.125126862498675,7,19
0.6182646611546971,9.288507805872692,20.81312745144903,9.408675736278877,5.475133176823309,26.912225742112046,2,4
37.132742503509014,35.982982930982736,18.116831253932578,37.567287867950554,3.8799944385906207,29.749705731726365,0,7
17.127365932692573,15.355648854928457,3.0133280532350093,8.915285738315019,6.043408291712106,45.17800071374388,7,16
38.666192761746785,21.742114444559544,18.699259675096773,30.97786078932433,6.388970090634808,26.269220611705375,0,2
38.54479908357011,36.25888443858188,21.081182385384377,38.78575210924989,4.042414256787237,18.826837961052163,0,1
34.120378218694405,24.969519836559684,15.079185908125186,28.3880110178579,5.553932244088715,38.205780234774295,0,14
11.777955682783428,4.675921628334563,9.814316856148212,5.613104035876903,6.453980742829137,46.36491943168396,10,14
15.40390914407701,37.59328494453901,5.252949216192784,28.117460910757256,5.717425787857391,50.34630465844585,4,15
34.045466860674274,25.108322122856713,14.170246024848282,28.39799066687265,6.1228745589881735,41.15956143693222,0,7
12.676880206251106,13.396224586283445,7.456863542865233,4.324353024337296,8.252862430960016,48.91486097021733,8,22
6.7797098674436995,5.57088290653549,14.377268947501012,5.476070376233214,4.549721473840665,24.23631724311766,7,15
22.272050498334007,31.761007570811838,2.8347062182581975,24.982887621942147,6.945503048768148,43.89081753422185,5,23
37.44619096643124,24.80291023714054,17.669990641322876,31.183642347465632,5.331325265344416,29.13085102264236,0,6
27.84119186699892,21.33844367905286,8.51766788040825,21.13926281349759,7.0216832553335315,44.68232428349314,2,17
22.802446803574597,35.75570332203831,2.8688098543680565,28.76210871565596,6.822325274191287,41.72187953363377,3,15
3.8870597508307414,31.543888448981228,16.98514568149421,22.39435571727975,5.433057447056879,29.32556655093512,0,14
24.60028906796679,6.066995189310047,4.913621864579249,15.120746268260072,6.229715724788764,32.97388242615848,10,13
39.60215400417053,12.46888271182193,21.199461294202493,29.704930626604103,5.708140982704419,32.1407213858636,0,9
5.603360609460961,9.93956559257863,14.768227787719233,4.3970547242489335,5.073516941583509,29.688698478893464,3,12
20.73318609454947,29.75785170290708,1.340559603744783,22.484972485068738,5.860828562166217,50.74059649226617,6,16
35.094922877118215,1.3412973894311753,15.106611463169147,26.546718914147988,3.564140520504231,38.81702678863901,0,8
29.630744710168177,22.79558739485266,9.705949932474875,23.43273766880661,4.922671585759117,40.52181445756324,0,13
27.88062963981072,30.49834742962762,8.379022136896438,27.201087545570655,7.675907172282052,30.031994440018767,0,12
28.09936335948437,35.07062547046998,8.753172208264385,30.921242140302567,4.551058943606441,37.08423036102584,0,11
14.379646048790207,13.683269948636298,6.536696054701706,5.722567345799515,6.5547255275832255,53.78130632398762,14,24
11.743673770579734,32.850292186880516,8.601160944494724,22.916724269494114,5.487440246115165,50.21709603903094,0,17
32.374446219140545,4.425269478208289,13.56183033352973,23.058479221401587,5.262097133251961,27.179148694337588,0,13
32.404535787167234,33.85809166938073,14.371523291570336,32.72876047061714,5.862754239346587,36.69883093249843,0,6
34.68289274320415,5.099546493279297,16.19634338190172,25.16465057862023,5.550506228692392,28.65612561184618,0,5
36.529622102258855,15.89149162241469,16.570047118656557,27.175918060401273,4.978653398426956,34.15267033103175,0,12
20.453695954437514,31.891814631182143,1.1085977959396218,24.25966419705483,6.081232702348082,60.7669516596301,6,20
20.060651787487984,5.996697093950951,0.17150533829753029,10.827887538512114,6.125548822227512,38.39596143445461,12,24
31.931807158671006,9.170055809305659,12.208938441455725,21.94750492891618,5.383971686903491,39.050393005747196,0,9
25.998557231110606,28.89010273572265,10.31573988634004,24.75459179310533,7.677189465500005,46.45601594688388,1,12
28.078675090308135,28.801461461842976,8.232403992481194,26.083202374748666,6.6007305509206065,49.365733559189515,0,7
31.83170677744404,25.64590531541189,12.522632733653047,26.859221395176927,6.621439803008824,41.11884989498775,0,9
35.60021367270265,27.757937778684003,16.562956107663936,31.1563042455238,5.916892309816729,35.836023276240546,0,12
13.519806274061432,21.708977733903847,7.692417040796306,12.226577435242385,7.933515885893312,47.49379397519324,11,15
15.02331810559776,10.07196235627811,5.796864318440351,5.023833533343573,6.478984386800316,47.34165014592103,7,21
3.75927759363476,13.827839740156778,16.250541301749802,7.321131963681071,4.356431201650278,32.784746371737754,3,11
23.13120563984696,7.263908672057027,3.526415475844821,13.413230681338234,6.352447487125747,48.22929921618206,7,19
1.4376909518696834,36.33802245334513,19.291522141703,27.694847228114593,3.7696650144001547,23.777857445154453,0,1
18.623920725298404,23.335671790644817,1.4680481918056463,15.881188582219886,7.035851852805092,57.54311252830743,10,19
21.705785388303063,16.034056670545596,2.1375332793867456,13.169481822014308,7.8215078370701425,54.467696772322185,10,7
11.461650085131376,18.480232145765306,8.572116760574147,8.605275022765735,7.689744042787795,52.671643444513,5,17
23.63333042276043,37.89133358447261,3.7151681123685174,31.045034829043033,5.278537680249661,39.62891678494538,0,6
1.2200099975619771,6.134056124643208,19.28570085597362,9.593422042749934,4.745433999182808,18.14777115833637,0,14
1.4939275499685767,23.44919328067189,18.648460955956086,15.913329897480711,6.538057705682528,38.16061535875416,0,13
32.904022426386334,20.23554715537864,13.742289830304454,25.087061782488355,6.256676734586416,35.69402152050509,0,12
14.407625656450517,24.458169417385914,6.761832906707918,15.115086067543055,9.008558851393438,46.19833425372941,4,23
5.082420506075391,0.7244073528336203,16.529955213035368,10.498533565943143,4.796336105912286,24.382905185978522,1,7
20.889730402192175,34.88495635776606,1.113061776450022,27.163344439894544,4.354661202942861,51.40413564607918,8,21
30.799742123944434,37.28473129934449,10.98304325907951,34.308684534677475,5.545482063779231,23.44883241320413,0,12
8.632841099873726,22.60532734356836,11.477607717411349,12.679250801869431,6.5556409334751375,58.28803364672039,4,14
24.91561903276001,27.86603295507569,5.9274031474641395,23.273822734615024,7.640453878501579,53.040926973167416,4,20
3.41389859975072,36.89997524709183,17.811896339760878,27.69450125834583,4.98665427923693,28.53097438890512,0,3
2.067268846744308,28.289545372535944,17.964826899991724,19.935789261624038,4.925835694571932,30.987119758649044,0,5
21.25418526272592,6.101561716570454,4.006379317174828,11.910268971667533,4.927324619224767,45.4696687707426,11,14
21.62540486440426,23.051534406672527,1.6787753500832678,17.478346278463274,7.314167306252674,58.30879721406502,10,16
25.497196059928264,24.268601855314238,6.276546948023886,21.06551885488067,6.275599516920547,53.127910324324915,0,11
29.04365334890646,16.96522685209544,10.2782933529677,20.277453439090117,6.1046919837933595,48.09961394444765,2,18
39.03408317850138,29.457769424988914,21.081786730956143,34.95114843624127,5.282716112854477,28.652699302918098,0,3
20.65201393204781,37.37468059076059,1.9040814049198378,29.374113403721744,6.727887067029404,40.67435695299198,0,16
12.918258917649839,37.02274051627106,8.699856954946888,27.17985908940957,5.55017997306078,36.4566567656083,0,9
31.807447790748146,18.033574856165284,12.222130539894579,23.2401184187133,5.247782578114973,40.94432017991011,0,4
10.833290050482969,4.52952183363021,10.853164518864954,5.533579644042588,5.658332326916615,42.259936173839534,6,16
17.558856828225444,39.39364795849338,2.5246496215327183,30.350005879034892,6.02530295103818,42.158777212115666,4,6
3.1382552536906383,33.555923457837366,19.11379506509458,24.534976480832356,4.2668950020082335,14.105968130556237,0,6
1.0140297366183004,4.986507248130674,19.77914194626063,10.289935429701512,4.2620672321342,29.18513934600205,0,4
38.505936587117006,36.83367530469489,20.205834196782526,39.14887675357402,4.259224466909153,25.85392328270791,0,11
33.439204820488236,34.79585448248513,14.041265792423282,34.12082534367211,4.373846108319308,32.89758838012621,0,11
27.83896824374792,20.753522285042884,8.87060724546801,20.82947501826104,7.337359166596015,45.747002908627756,3,15
16.358117776570793,23.65101742979717,4.389280037387977,15.059081596477645,7.129712054365652,58.26906073624859,7,23
6.931772802833831,15.96010815480521,14.38346503215309,6.703499634549534,6.283862327305264,43.86747560906868,8,11
6.257481706843442,2.1904655528812533,13.827673193045513,8.659981030888336,3.915718578726023,26.726523870810553,0,14
10.009715926583812,13.407889665836038,10.052534104735203,3.4079035159084894,5.8546536988282245,45.039796643834755,10,17
21.969066588244818,32.114137943920454,2.2528937457847342,25.14544992631034,6.736936555719478,41.742145917449605,2,16
28.583836908002493,0.18528092018411435,8.757648394517643,21.016367546246844,4.462617806388932,27.128980499212165,5,17
26.40789506870925,13.339966867645767,8.46193062571165,16.744384111180228,7.995250009931393,43.39330809049214,10,18
11.197355877837714,15.926747743637733,9.05009828034284,6.046486576095864,6.225384398687778,50.08754053627211,6,18
38.19461122652776,21.495824117516914,21.918714035961855,30.448153874347273,5.441348472942326,35.55027282450495,0,0
29.51587666783074,36.79422465651042,9.926699792162168,33.14815103527693,5.850653431977888,38.29928231426815,0,6
22.174162100456027,13.85383977463845,2.3751992044348795,12.769585109030176,5.887400979998134,55.91850310765294,9,18
24.46882984937409,13.878128075849109,6.028042946968436,14.979549879179539,5.454438480561475,51.98744016306454,6,16
16.784002497111597,29.500049924389934,4.291013708229921,20.64641947008043,5.275029621537088,44.617449657724706,4,10
9.909239580046298,18.088717635592285,10.780305528677136,8.089226813618952,7.469541386201378,46.49928731542869,0,26
14.238907146050463,8.984192917599279,6.571591153065157,4.358921635163123,5.693812589753461,48.28491275938862,11,24
30.313844418574764,18.097580645307737,11.58396335830373,21.86831240332284,8.473384871448626,47.49164458934283,0,16
0.5757395451902347,5.634280815191994,19.683620400496473,10.386346283496033,3.9246944866818185,31.94337376117651,0,9
4.642905620276649,7.055479460248932,20.965725611771056,6.112991199264026,5.1349144377501545,32.97381239806996,2,9
1.84010568087011,19.934710909579188,21.840534297019985,12.856218579204384,6.509686209519234,32.67696220563081,0,6
1.6291520927588055,16.757017980181917,19.42160099737375,10.757712892184195,6.806640552017003,36.98505896949329,0,12
34.21842336044029,36.593836042724,14.440995138909184,35.96893306080688,6.37137178831829,30.794688981027917,0,9
28.146314375200948,14.495755964665324,9.286462170476316,18.694933728083885,7.4919622779545865,41.11585761515707,1,9
18.96695316349301,23.22353401112174,1.1079842083412839,15.977111778402586,8.311497089624932,55.24565353594896,12,21
3.913366426040059,25.290571516781213,16.11776569048356,16.45748114303818,5.933879171396599,31.282321344296996,0,10
19.664635004673293,0.5237782635333454,0.6333437484656032,13.535285300733022,5.700822528743831,36.82832786963209,13,10
18.938870831222626,26.541494880668424,1.6821844706508124,18.802246265392398,6.56500118489735,51.80931279749819,11,14
6.928074796400607,7.121438674790057,15.098945128790232,4.209850325071379,4.592899734159709,30.13815343658878,3,11
17.35406596951892,38.442812698778205,3.9448370092989684,29.378153115909363,5.20255323431289,37.856125848766325,0,20
15.940189375894938,5.946509110124518,5.417348528854383,7.191428106836543,5.669630334824794,33.19510595310213,7,19
24.63400392208866,16.58496494908095,5.188247501496074,16.04729990286001,6.773953446141338,52.71591735680437,4,11
25.40374603470575,3.4139867231457544,5.8282945673952335,16.752640472015557,5.940496321675019,39.64778918451114,14,17
1.8121603908817807,39.87497007383789,18.65152525966552,30.976677587781342,4.723109578109502,19.64789695651357,0,0
14.984504585058849,20.087800413249703,9.409559306457655,11.25206661622804,7.31828592918543,53.57518482327954,1,21
25.034396628569453,23.815400692801752,5.075332370613382,20.418089486722494,8.234498489010697,55.83334733060268,1,15
20.125450343203507,2.683059095537099,2.143093334959246,12.492492499580793,4.489039413256605,33.5732587077649,11,16
34.25959364753289,29.998418815967113,15.12394538888555,31.439857491443014,5.232726978625787,31.208767053056565,0,13
26.3477452647578,8.39622372382343,6.925094345792461,16.42622517760663,5.442560386844878,39.46519603368142,6,9
6.517377083257188,35.922171577628546,14.774544484231683,26.155069139274616,3.3772060336743266,27.049447767891667,0,2
2.8227498960171937,8.205585619280287,17.84408440758202,7.398164774108165,4.80835741682392,34.388678442521595,0,9
25.696771128252625,7.627508826546663,7.763677469520392,15.875053959620395,5.8594514529979085,41.52802696940602,5,19
1.0604524216648725,1.4619867139237952,21.249176057955502,12.361762891211399,5.235436036834842,21.550679379410106,0,2
23.43102325093853,18.882677804399968,3.9787219522925548,16.102619369035313,7.963393943663059,44.3829578419482,1,6
37.6092096569983,22.593645330504657,17.933317564083445,30.345812900540828,4.510771635229722,36.41123866695831,0,5
23.01896711503516,2.6283455771340947,3.9163142369760693,14.961109373055375,6.838469306747568,34.213519265112716,5,19
15.526797048260876,31.021104667800422,6.907758891262723,21.735508438205116,7.192682459249062,44.95148705789215,3,19
25.731528737694127,18.131553389921105,5.968089636644152,17.708844032235238,7.561419309277234,52.374447514817824,14,15
18.330115619660667,20.975610773103202,2.6453058380389085,13.778782895436509,7.528713720496715,63.54664672401768,11,17
21.8246715726374,17.630509877529125,2.8231495728629428,14.072936395500712,6.783853057543885,49.053686197457424,8,22
37.658592351061,16.03052243501304,18.979522366187858,28.308389775495282,4.987347968417507,17.31343396629761,0,0
15.44410551203097,22.385613252328717,4.696960117671691,13.529290464114766,8.099594451621469,53.42807137065343,10,17
38.44762255295657,6.2096098372285,19.705787462083677,28.6990293651461,6.052814942082732,36.11730149207939,0,8
36.21402567824255,7.277125219810845,18.611278884531796,26.355060032717624,6.143116397048628,36.279236151970466,0,10
7.831645391571858,34.47142484054069,12.366419169208287,24.567303381407648,4.772805638940398,35.95765533423177,2,8
2.774452035006618,37.84461848534531,17.496757556680542,28.766844143716106,3.383973674321075,23.991224433181387,0,6
4.031120055097066,14.932372651190118,19.523056983764445,7.743114862048262,5.599656191294003,37.5203991164046,0,1
0.7288730260619891,10.829786925742152,19.470770028693167,9.308186811028966,3.383990050295613,24.055160938770367,0,6
3.777718430237136,25.75998172956063,18.149071337519523,16.943842894972068,5.676355692000464,36.092729982372255,0,12
27.320270936654275,16.349366843923857,7.9980918792078235,18.44739126916948,6.654907946042025,50.34823829010229,0,11
2.8475459384091595,1.0154542264137945,17.43645103158521,11.483887053643164,3.7893403804568946,30.997287901378385,0,10
12.759025211750451,6.246103894647614,9.286980789994399,4.6587504857906294,4.392707809271313,53.61127822012319,7,18
33.79501243877818,28.638889153895903,14.384349764338136,30.225995531211648,5.969366740015722,38.4931493187911,0,8
0.9308774294330346,26.356957676406054,19.792352439668083,18.70291551143046,4.558718634749929,27.458201028158186,0,8
32.578739303557434,1.0838397001393396,13.023829262735243,24.275448153037683,3.6565703001015115,30.64357226547068,0,5
11.274190990935997,8.878886477317977,9.624630351749081,1.6971912715197877,3.5818304841761264,32.206573665022844,9,14
4.72659310486625,9.242991863522857,15.451964192751381,5.327464838019748,5.175796237374474,30.11917332427891,1,15
27.869486614566025,26.875709743949137,8.365557520929498,24.578611255117206,7.850289047288738,43.32072751532269,0,14
25.15771387119536,0.7884215101745662,8.644871913016502,17.737233946566832,6.345225859852204,33.16524530857817,2,11
35.09888054108212,4.164343279382954,15.397466421506124,25.768366144876037,4.3522893430510425,31.182816804882606,0,9
29.40284175215543,31.996643414927576,10.472099136672535,29.33125618828254,5.231859878575795,35.40938094885419,2,13
32.13923721539394,7.1417864821733446,12.532561419782867,22.32297491359454,5.722542913270212,41.65569601613222,0,3
11.28138290285226,26.109844314074987,10.203508787854906,16.160724797095465,5.6043411683117625,44.25294439507951,0,18
7.097581751188913,9.52731124186906,13.042685028421225,2.9406574695287087,5.748771058536642,36.8144061379701,5,13
30.024590065634335,3.9776557103738064,13.525200520058736,20.91059152772811,5.777872466690646,32.697981117291995,0,12
32.27338957069056,9.726887639978163,12.8781404928553,22.275063935462537,6.580736110723841,38.33148005030988,3,16
39.620205680026935,28.890677274226366,19.889459223524653,35.13138585945725,4.6887896462537455,32.640181094493904,0,0
16.50470707645706,34.22785872425143,3.571630646098878,25.085859612793755,5.639425151675407,39.22762794384258,0,11
14.880723431711328,33.208794582679666,5.305314508393266,23.71644170607971,5.172694389652957,39.89063002748179,7,12
31.056518429679873,15.887341184738194,11.790016775109454,21.864074519745003,5.56900068933132,40.78972795231668,0,8
13.632141610120714,26.723405462825845,6.778843469684453,17.113291411941876,6.429766659327136,40.62088880011408,2,22
37.23029302414259,8.199371816632839,18.995702908264747,27.289762183562626,5.161305451759931,25.52194622264006,0,3
34.336510073720476,11.72590921044053,14.900187264406068,24.397632778017247,6.2479435703546065,33.61597446252705,0,8
17.159761095000732,35.85343274084479,3.126208141975119,26.826519778436996,4.941579886694239,46.70299548083284,2,15
30.034842711659895,0.5200769404294414,10.994941628233363,22.16447300741277,5.907249108883253,33.90265752233051,0,7
30.181714963387293,3.420341234178723,11.408537570346638,21.227188422823673,4.864637636663272,35.80725755497992,1,10
4.124954753437304,8.315450205841092,16.057817194248543,6.111780809073551,5.026171525915122,36.51401695634139,0,14
36.102116267182666,1.0612881549527886,16.285581537313426,27.59023455997265,3.6734317241552095,26.31169073916942,0,5
20.210094897914285,7.257417403591893,0.24745562592376766,10.572028997431664,4.1489606225636235,49.08428197522908,9,18
33.058298644309666,23.321662438787687,14.3916287650995,26.62990474078305,6.686114448193316,38.81393106015094,0,8
12.80198404122447,16.856982023699917,8.288078483922629,7.407382603904055,7.41133043038041,49.32847458974658,6,11
35.82092913984802,35.706868443078996,16.464583309483313,36.435744356261246,4.430888150464828,26.560249698263085,0,7
15.568067149366524,32.69774246953764,6.290925341309626,23.370727095948624,6.0362476395055085,31.211485309467115,0,20
0.4335060592119344,13.672694067915039,21.204692261957415,10.24726734479164,5.328135365063508,28.16215133075795,0,9
36.21527905677055,10.3769373372517,17.09561007040647,26.217988820284575,3.9216035914794327,39.710204158554255,0,8
3.6514670714453423,15.187696326690677,18.37554355508366,8.198540328796506,5.0204445165890865,38.401216290106944,0,14
12.772545503616595,23.61179770059231,7.457926346753979,13.89129386383697,7.423460187172131,53.018347206076655,6,11
38.0024786820322,10.72254563291505,18.121171703422483,28.011799023434968,3.958705897064548,36.86765066131949,0,13
38.024285877502244,24.96595631396536,18.33865368323035,31.770118780632398,5.430465651375255,32.57808981747169,0,7
22.937515524931445,16.376466087649618,2.996296631661408,14.423544215094562,6.215036479880991,54.82377637839538,9,24
25.27348848679197,22.08188723407921,6.031002529625913,19.474379314709186,7.522709659438088,48.226677081290404,12,13
17.93782087913279,17.445061165412667,4.8205603262691765,10.882919464276684,7.478986416763168,52.726019574071195,6,25
11.728430867922581,11.778630381676706,8.311707548486801,2.480120823631589,4.9585461194528015,47.26067912246037,14,20
13.146581814796638,37.938132278486265,6.983652065186479,28.114768580363684,6.051377722421463,43.32483774562235,2,15
26.900738243081538,30.544231766390432,7.502581491383468,26.602639192988438,5.52208263621263,42.949850526910396,0,13
30.0949811775072,5.604527030658102,12.811189831383196,20.570086318452432,4.714448726319203,33.76112993292273,3,9
31.66316174903394,34.73871903591651,12.043187360090727,32.88307766166095,5.341176803245339,35.185855750641515,0,14
31.584725711782156,19.497247929980546,12.2924482155535,23.581732385395046,7.179565415994838,45.264179879881254,0,13
3.6482441219476147,35.78208907576366,16.39421761105344,26.55298325697105,3.778498054738264,21.857987179945454,0,0
19.776812188103257,31.99421023789261,0.3837594632331619,24.06930286796991,6.249900890873638,36.3309289093323,10,11
2.3023504006657713,17.008540178769337,22.012400683867604,10.41025671112651,5.65074902965814,28.292420939899493,0,8
21.98115529294942,0.8987723328046959,5.33695960076933,15.045943878796411,5.6739303411192195,32.02426377210257,4,16
17.66122005493508,10.747094375397843,2.343732168038749,7.697560830281924,6.7095672468371585,46.74352627851326,9,19
35.50816731033199,21.665368586434678,18.540808109010808,28.04901823218179,5.366778215629978,34.39336426405148,0,12
14.036600502083147,25.33912879304589,6.982609111485354,15.861368659200485,6.137286465118358,46.238177676724476,2,7
4.6826806571042345,10.315507417328092,17.341653909872274,5.326671561559103,5.3506035827497005,40.46943389283493,1,13
5.719667282113434,5.574242962912965,14.886824986978576,6.1569938709678445,4.0975091113380575,33.89178013569926,6,5
30.46042526869889,33.39720947197196,11.185261337396662,31.081480229412282,3.113335595201885,38.91251434267294,0,11
24.728722532650444,39.37608722814208,5.399808032159304,32.8616762852904,5.357533386041524,40.46636865557329,0,11
4.04490704491161,21.027607292107433,17.054298192153972,12.532807135382098,6.32492524372736,29.790534454075196,0,13
3.3642722445998974,6.86717143393214,16.78614520960956,7.338085422517109,2.9304373174959903,35.607708105159645,3,7
28.038765258364798,10.892293060774758,8.069197239284769,18.06082055037078,5.370026743252409,43.43865532781605,0,19
2.910520254567741,0.7356270618986693,17.45754783344604,11.665733110144366,4.632520849777193,28.871612109303268,0,14
32.87440237161425,36.57195226241996,14.094100719155092,35.06147359845043,6.498212018508138,26.60843442681353,0,10
28.24968908625985,4.710043315605645,8.47515214069646,19.000915595515927,5.4106028726716495,30.62008280978027,5,12
3.2539512256759906,23.060659020570142,17.865167183655988,14.699999595821717,4.864080440921282,38.13341665766108,0,12
3.3935085634076767,10.96220882748824,20.11012182682153,6.676194644366205,5.017701956840282,32.92044744857118,0,8
39.465583140047016,22.167120100631735,19.564189533768804,31.878823713026488,6.162024338797886,26.121802151190302,0,9
14.970831830244812,26.05681553407457,6.145747253659724,16.80864343663323,6.302341361018253,44.706228995582535,3,22
14.825685882675636,33.18967214828807,5.760851957081538,23.686454749146026,5.235400055030783,48.57843901253965,0,18
32.5119826903001,8.256850870424127,14.538014312493617,22.579369644352617,5.039867847694513,29.62435114901747,0,6
37.88994309535435,0.4398331463392191,18.08492419441299,29.482973325835676,3.2612046578268803,32.66335296529899,0,7
39.44004255291483,5.475425202752291,20.619732429295187,29.78569929703389,4.458113331336466,20.92021063571726,0,0
30.135127410357665,36.0007456739242,11.95599827195531,32.88559154753681,6.458659334477292,38.27340427674188,0,12
15.050383421236631,34.95560310250061,7.843048966143641,25.461510145924965,5.895457432504502,38.682009898261114,2,14
3.3400286679467506,23.89652408681233,17.809607567037872,15.410016218003355,5.2316810006235315,37.001558720723196,0,3
31.08587663709747,24.020674417346136,11.77338924970901,25.321799001495084,5.997679627017306,39.600259645572805,0,6
22.3361699894322,26.60146698185022,3.2981048449831416,20.683079943703515,5.699050393807928,50.53433665224865,2,15
16.968880369879052,7.014851144937984,5.062952539488859,7.581319627648188,6.706352830647122,44.33888633343013,10,17
36.25417540378944,36.57647783699839,17.099564495858445,37.35760833288728,4.4553458150760274,23.223384291071874,0,0
4.447899292246054,16.750820995682925,15.582959025487853,8.740675396375,5.472432795837371,40.024753725755836,3,14
19.705004171634364,15.325541129979898,2.9679013356648087,11.070162342917468,9.851922366066121,51.26622357841122,13,21
0.45414579069676275,20.7567082113135,20.715511745314387,14.38158906827099,5.30492784877125,28.938748031167393,0,8
18.74642567976505,1.8786386710022018,2.382171864114439,11.935513060099025,4.673866871391165,35.6724986046823,10,13
2.252131027273494,6.651334750243176,17.99080097074453,8.440558783248122,4.327786691448559,15.985416343404474,0,14
4.752716650722877,29.52134465705482,16.32282034294521,20.214274158799856,6.222360415776498,32.907476671653846,0,17
4.701049871084195,3.3119467170050587,15.799601693811665,8.532814845343607,4.6946845797019705,41.52373126963714,3,10
25.968412084642544,24.126084378655527,7.021763220329781,21.319860327353314,5.761008842519495,53.156347997147826,4,12
29.841795170616933,9.813964387252838,9.95450823939963,19.842667281439955,6.610797139068848,40.76253725768611,1,15
23.334750603886384,15.571824561679062,4.407242922352241,14.452017250680901,6.633974518576768,50.938522972835635,12,16
38.486901938981674,11.547749470827995,25.92862484868608,28.528917093111094,6.449517552328437,26.82054591541319,0,4
14.994823180948163,14.226908658597965,5.0545898179461375,6.543318379619593,7.717932646335548,52.567595291995175,9,22
11.42848345127443,28.761836207369818,12.3513796612878,18.816138361596355,5.803551972355395,35.662976018694515,3,4
34.74396512757841,11.884868624927002,15.26637081003301,24.815651109089416,6.500353352998203,41.108691492395266,0,15
8.943833540778105,22.656185611875888,13.102199920237648,12.70017802362784,6.34867069995154,45.65504856061818,0,14
38.52890157762445,19.042016087963987,20.053931634558744,29.927517106515577,5.899171446054095,35.0103128509691,0,5
0.48617898759265366,26.546846614505924,20.3508761183339,19.08693068935154,5.300370789453096,31.43417087233179,0,8
38.79515306830556,37.47318957299032,20.136279854158218,39.7987058274589,3.473521478881214,24.367322047216923,0,2
1.7263964780230445,29.302883888410012,20.381572622935295,21.001281904881623,4.409361819530448,32.66819777092923,0,0
35.645724547922846,8.597615143630271,16.16347462657155,25.684039224259635,5.919993923897582,35.517501820972136,0,15
21.108044363451995,1.247325402451387,1.5041035882430016,14.142063576118954,4.914372474291335,38.69236291768384,15,17
39.718591844772014,10.490561771993004,20.81998816194432,29.72264039563596,4.393306527262195,24.830165706915277,0,7
2.9518625894159545,23.803117228010194,18.69759525355512,15.498460767723556,4.615823593998442,33.69329489938521,0,13
22.15417137605283,2.057032539370014,3.590854744873342,14.519456391996522,5.628106843872524,47.87785732769097,11,13
38.77210142476396,19.854649888049455,20.370666901211735,30.41295685744708,6.834120315819085,24.846467040621754,0,8
20.923913766805953,23.87371395667557,1.495876263547839,17.658194441569247,6.548618062195064,47.93206483012043,10,16
25.1759455254105,13.369755632678434,6.878783631796365,15.545564499695566,6.757675351270155,48.973077629830726,11,19
27.829947559384685,30.836488149832878,7.958018522038256,27.423826654727343,7.124384968935555,42.90615274561571,0,4
18.18164259071093,4.263930125350872,2.604693037633354,9.992085522501911,5.560169850265861,43.723581558118255,8,17
25.102323203362538,3.0055112694323505,5.108098508878792,16.643408266964443,5.700310906580072,40.921806532305,4,13
23.37257247692401,29.127550248144132,3.7650016678671974,23.338570503479087,5.690480977878617,47.270793228866516,0,17
36.04632041963956,19.81965264824794,16.502754982268744,27.835883056493383,5.935545598005604,43.150605836805944,0,11
1.8178552136583148,27.53609585710944,18.686611821530352,19.351024552058977,4.897976944731814,22.970123241755264,0,5
11.238527583689212,17.39309354414985,9.950448918341932,7.496117843798163,7.417421860305115,41.74120950866931,3,13
38.01645936306235,9.856081329564272,18.50839470577376,28.01682901089672,5.848527275820185,29.55365174349044,0,7
35.61055135563665,32.764092706967986,16.20601594120058,34.26520476388745,7.046959860659489,23.51644095392619,0,4
18.22627011142852,31.97663515875917,2.0449405373034586,23.465805182166495,6.647616530481544,45.990990988592465,2,19
24.80530391206147,27.787858834177072,5.272514312612144,23.1431403623863,6.887979759751537,56.520045048906034,7,14
11.095247319245306,10.885805489198507,9.162577778287742,1.4086227511325506,6.244180378083521,42.78096313114695,12,6
7.524846388950452,23.609226674763484,12.551166699304934,13.83247758297065,5.7694527375680655,41.8911596577184,4,11
18.547936197599284,14.438955877601071,2.3770133977191716,9.6317985091839,7.4086627955068,46.76317428019383,10,15
14.134089121042113,3.663282933065366,6.969172354028956,7.56602115032065,5.159991527618853,36.07569115432197,11,9
23.346244474034883,36.692543018489715,4.3124882041833015,29.843158250336554,5.581072880689437,38.9431346607803,0,8
3.1093854785993935,5.472745236758456,17.513292136417554,8.244792548865627,5.712294855986968,27.376223964680722,3,12
38.97579230664666,38.0094941528321,19.45348265142656,40.30047521426341,3.270545273631879,30.520006488342844,0,8
39.44842977918412,17.84023091831823,21.43864250107887,30.47423891276189,5.976705151022224,32.50114940054611,0,7
